payment_type,avg_rev,total_rev
atm,4979.963715515555,25452594.55
card,4974.197565414126,50567692.45
cod,5052.660461165049,10408480.55
wallet,4987.981859557867,15343032.2
