,count,mean,sum
,line_revenue,line_revenue,line_revenue
payment_type,,,
atm,5111,4979.963715515555,25452594.55
card,10166,4974.197565414126,50567692.45
cod,2060,5052.660461165049,10408480.55
wallet,3076,4987.981859557867,15343032.2
